Link,Price
https://www.walmart.com/ip/Scrubbing-Bubbles-Toilet-Gel-Rainshower-2-Dispensers-30-Gel-Discs/310719024,$20.88
https://www.walmart.com/ip/John-Frieda-Frizz-Ease-Extra-Strength-Hair-Serum-Nourishing-Oil-Control-Heat-Protectant-Argan-Coconut-Oils-1-69-fl-oz-Fl-Oz-Pack-1/871632,$20.09
https://www.walmart.com/ip/Aveeno-Daily-Moisturizing-Oat-Body-Wash-for-Dry-Skin-2-Pk-33-fl-oz/919385522,Not found
https://www.walmart.com/ip/OZUAZ-Charcuterie-Cheese-Board-Platter-Set-Elevate-Hosting-Elegant-Design-Knives-Bowls-Cutting-Entertaining-Serving-Gift/5289761631,$45.99
https://www.walmart.com/ip/Neutrogena-Rainbath-Refreshing-Shower-and-Bath-Gel-Pomegranate-Scent-40-Fl-Oz/787814464,Now $29.98
https://www.walmart.com/ip/Folgers-100-Colombian-Coffee-K-Cups-Medium-Roast-100-ct/608713159,$61.84
https://www.walmart.com/ip/LK-Packaging-PSB551-Lip-Tape-Resealable-Food-Storage-Bag-5-x-5-Case-of-1000/2434588683,$56.03
https://www.walmart.com/ip/Swivel-Portable-Chair-360-Customize-Lightweight-Aluminum-Folding-Camping-Beach-Fishing-Quick-Setup-Compact-Supports-300-LBS/5419128230,$90.00
https://www.walmart.com/ip/Neutrogena-Hydro-Boost-Fragrance-Free-Hydrating-Body-Gel-Cream-with-Hyaluronic-Acid-Fast-Absorbing-Cream-for-S-Pack-of-2/977007456,$32.74
https://www.walmart.com/ip/Crest-Pro-Health-Gum-Detoxify-Whitening-Two-Step-Toothpaste-4-0-and-2-3-oz/202444899,$21.94
https://www.walmart.com/ip/Preserve-Square-Sandwich-Food-Storage-Container-Aquamarine-2-Ea/568737999,$14.77
https://www.walmart.com/ip/NatureWell-Watermelon-Face-Mask-2-Ounce-Pack-of-2/2624268546,$15.01
https://www.walmart.com/ip/Neutrogena-Hydro-Boost-Body-Gel-Cream-with-Hyaluronic-Acid-16-oz/728970044,Now $17.19
https://www.walmart.com/ip/Hellmann-s-Made-with-Cage-Free-Eggs-Light-Mayonnaise-20-fl-oz-Bottle/43887961,$5.98
https://www.walmart.com/ip/Don-t-Wake-Daddy-Board-Game-Kids-Board-Games-for-2-to-4-Players/406807348,$35.38
https://www.walmart.com/ip/OZUAZ-Bamboo-Cheese-Serving-Board-Set-Elegant-Platter-Charcuterie-Ideal-Weddings-Birthdays-Christmas-Anniversaries-Housewarming-Personalized-Gifts/5487757032,$39.50
https://www.walmart.com/ip/ZonePerfect-Protein-Bars-Chocolate-Chip-Cookie-Dough-5-Bars/15716842,$13.22
https://www.walmart.com/ip/Mylanta-Tonight-Liquid-Antacid-Anti-Gas-Soothing-Honey-Chamomile-12oz/278306615,Now $9.96
